filename,timestamp,quality_score,report_hash
diabetes.csv,2025-12-17T21:47:16.424255,100,175fa371fba71735a17355578ea2362ff82ea433ef9586e496bcab99b7bcd78d
diabetes.csv,2025-12-17T22:03:36.629448,100,ead161dd992d19be0ad7de91db0f9e98de6af6525b56aa3eb1bddb0d77799a80
diabetes.csv,2025-12-17T22:04:58.053171,100,fac36a77243e83326793f4765f0146c4458feb31b32f4ee0a8dde587be73107b
diabetes.csv,2025-12-17T22:13:24.739858,100,e9effdca2e38b30d004f46d3f449fd86c34d71629401267a9f970177ded73206
diabetes.csv,2025-12-17T22:18:12.599526,100,487f3baa00a555bc88eda04309dedc815e02ced6ae45c8d88dadad3c2ba92c4d
diabetes.csv,2025-12-17T22:57:16.744370,100,74be6f4aec4fcd39f48c852b68f77fcde83ffd631f3cddffd3896dc827dca3f3
diabetes.csv,2025-12-17T22:58:43.399952,100,57137d38f6d762ea2d5b30d12642407eda867b6d73f83e63ad66644766c1256a
diabetes.csv,2025-12-17T23:02:30.234081,100,896f781aa4017246487ccaef664fcaf85b742ea7fa88ecc30fdf04a9e6817633
diabetes.csv,2025-12-18T02:07:21.628161,100,be6c1235e868ae34906100ec2a69e00c3cf5c43f3b30be8d5251a17c3954d7ef
diabetes.csv,2025-12-18T16:38:20.303474,100,4542487b76543771b6eeb218a0a98432d1cdc903c33c5d2977e9c9485c7cee36
FICHE_EMBAUCHE_SBS_MAROC_0123_VM 2023.xlsx,2025-12-24T22:35:02.100714,4,112e12e2b0d846d62ad67f00b8cc2abe1e959a25e460b44b4658e110299d9a45
FICHE_EMBAUCHE_SBS_MAROC_0123_VM 2023.xlsx,2025-12-24T22:35:18.202501,4,c0ec9bb2871f96bcd6f20669b01b8580b35f929e178ed2280e909d7ada3b8751
FICHE_EMBAUCHE_SBS_MAROC_0123_VM 2023.xlsx,2025-12-24T22:39:06.420719,4,a2ffff4f824535660864c5e3952b469cb6e4fbd27c29e301d3a88d665e56b9b3
sample_data.csv,2025-12-24T22:40:32.688124,100,9d4ccae07b6646afbcef996f8ba5a5a5cd3efd547db056d7c15e16a667c2f798
diabetes.csv,2025-12-24T22:41:40.427347,100,92b65abb193fdea4e122fbba59c4309ef1230117af2ae46d5fcf7d2d4df8bd54
diabetes.csv,2025-12-24T22:54:56.437442,100,dc44f5a4c7e5ec70b1986ccd416a571997283f3de60fa0111a14b9b5c3420160
diabetes.csv,2025-12-24T22:55:49.798955,100,a41120d4bc161a49b43232fa2fe9aeaac505909dfe24b725748bbedb9378a8e7
diabetes.csv,2025-12-24T23:02:50.922187,100,f8a2ee26310639cfc379c3ba066c7121ce3b755f437bf7a7f0a47d56af7072ae
diabetes.csv,2025-12-24T23:17:20.412018,100,5b8b9f874d3c24984d9eb159cc0fbe9b66f9a5772578918b9e3297bbb3115546
diabetes.csv,2025-12-24T23:20:17.226736,100,061d13b46e77a045495e06bd476b5f98b3534724bc57806e520f27e1c83dc2ed
diabetes.csv,2025-12-24T23:43:18.033573,100,dd86ab2f6a80725c12d117e4fdf3c52b96def6eff06f955fee5f50fbc667b6aa
diabetes.csv,2025-12-24T23:57:50.549735,100,3e18f24e771c94cbc2d2b0eb3e8a6253fa15e147362b1fa3977fbb94d5978beb
diabetes.csv,2025-12-25T00:03:31.285073,100,fe35da4327ad1f79621f95dad4ded60854dd41bd8d2ded7710d7a6383080c82a
diabetes.csv,2025-12-25T00:29:09.541134,100,ea9254980af05c42d75f38a1a1b503e7cf65ac756e019b304ce94f10bdd23baa
diabetes.csv,2025-12-25T00:40:14.254923,100,cc95caea69b3932246d4430e04b0d1f7ecdbc2fb17e31c7318269da482ef8a24
diabetes.csv,2025-12-25T00:44:38.536159,100,db679633dde2a3b9dc9ac28a3b491046616c10a41b7f3459b9acb7da67a96460
submission_phase1_ensemble (1).csv,2025-12-25T00:58:34.881501,100,8ea6f369d724b4590ac49d354403a9f1f22ac833e69a148fa26543c5f2b5f928
